{
  "games": [
    {
      "title": "AI Tic\u2011Tac\u2011Toe (Minimax)",
      "description": "Play against an unbeatable AI using the minimax algorithm.",
      "tag": "Local AI",
      "thumb": "assets/tictactoe-thumb.png",
      "embedUrl": "games/tictactoe/index.html",
      "playUrl": "games/tictactoe/index.html",
      "source": "https://en.wikipedia.org/wiki/Minimax"
    },
    {
      "title": "External AI Game (Embed URL)",
      "description": "Paste any embeddable game URL here (e.g., itch.io widget, Hugging Face Space that permits iframes).",
      "tag": "External",
      "thumb": "assets/placeholder.png",
      "embedUrl": "https://example.com",
      "playUrl": "https://example.com",
      "source": "https://example.com"
    }
  ]
}